{"bins": [-32.0, -26.416666666666668, -20.833333333333336, -15.25, -9.666666666666668, -4.083333333333336, 1.5, 7.083333333333329, 12.666666666666664, 18.25, 23.83333333333333, 29.416666666666664], "heights": [[0.0, 0.0, 0.0, 0.0, 0.0, 0.0, 0.021739130434782608, 0.02040816326530612, 0.13043478260869565, 0.38, 0.32608695652173914, 0.14814814814814814], [0.0, 0.0, 0.0, 0.0, 0.0, 0.02040816326530612, 0.0, 0.04081632653061224, 0.0, 0.02, 0.06521739130434782, 0.0], [0.0, 0.0, 0.0, 0.061224489795918366, 0.08163265306122448, 0.02040816326530612, 0.21739130434782608, 0.7551020408163265, 0.6956521739130435, 0.54, 0.6086956521739131, 0.7777777777777778], [0.0, 0.0, 0.0, 0.0, 0.061224489795918366, 0.0, 0.0, 0.02040816326530612, 0.043478260869565216, 0.06, 0.0, 0.0], [1.0, 0.9347826086956522, 0.8571428571428571, 0.7346938775510204, 0.4489795918367347, 0.10204081632653061, 0.13043478260869565, 0.04081632653061224, 0.021739130434782608, 0.0, 0.0, 0.0], [0.0, 0.06521739130434782, 0.14285714285714285, 0.20408163265306123, 0.40816326530612246, 0.8571428571428571, 0.6304347826086957, 0.12244897959183673, 0.10869565217391304, 0.0, 0.0, 0.07407407407407407]], "labelNames": ["place name", "flags", "ethnicity", "other regional", "foreign symbol", "other"], "labelCounts": [46, 7, 163, 9, 169, 124], "colors": ["#54478cff", "#2c699aff", "#048ba8ff", "#0db39eff", "#16db93ff", "#83e377ff", "#b9e769ff", "#efea5aff", "#f1c453ff", "#f29e4cff"]}