{"bins": [-15.0, -11.5, -8.0, -4.5, -1.0, 2.5, 6.0, 9.5, 13.0, 16.5], "heights": [[0.21428571428571427, 0.26785714285714285, 0.296875, 0.18055555555555555, 0.18518518518518517, 0.1509433962264151, 0.13333333333333333, 0.058823529411764705, 0.2, 0.0], [0.21428571428571427, 0.26785714285714285, 0.140625, 0.041666666666666664, 0.037037037037037035, 0.09433962264150944, 0.06666666666666667, 0.0, 0.0, 0.0], [0.0, 0.08928571428571429, 0.0625, 0.09722222222222222, 0.05555555555555555, 0.03773584905660377, 0.03333333333333333, 0.0, 0.0, 0.0], [0.07142857142857142, 0.03571428571428571, 0.03125, 0.027777777777777776, 0.018518518518518517, 0.018867924528301886, 0.016666666666666666, 0.0, 0.0, 0.0], [0.35714285714285715, 0.19642857142857142, 0.421875, 0.4861111111111111, 0.6851851851851852, 0.5471698113207547, 0.23333333333333334, 0.11764705882352941, 0.0, 0.0], [0.0, 0.0, 0.0, 0.0, 0.0, 0.0, 0.0, 0.0, 0.0, 0.0], [0.0, 0.07142857142857142, 0.0, 0.013888888888888888, 0.0, 0.0, 0.016666666666666666, 0.0, 0.0, 0.0], [0.0, 0.0, 0.0, 0.0, 0.018518518518518517, 0.0, 0.0, 0.0, 0.0, 0.0], [0.0, 0.03571428571428571, 0.015625, 0.041666666666666664, 0.0, 0.03773584905660377, 0.05, 0.0, 0.0, 0.0], [0.14285714285714285, 0.03571428571428571, 0.03125, 0.1111111111111111, 0.0, 0.11320754716981132, 0.45, 0.8235294117647058, 0.8, 1.0]], "labelNames": ["Non-African Person", "Non-African Symbol", "Non-African Celebrity", "Meme", "Other", "Tobacco", "Weapon", "Africa Word", "Dark Non-Person", "Person of African Descent"], "labelCounts": [78, 41, 23, 10, 160, 0, 6, 1, 11, 70], "colors": ["#54478cff", "#2c699aff", "#048ba8ff", "#0db39eff", "#16db93ff", "#83e377ff", "#b9e769ff", "#efea5aff", "#f1c453ff", "#f29e4cff"]}