{"bins": [-15.0, -10.285714285714285, -5.571428571428571, -0.8571428571428577, 3.8571428571428577, 8.571428571428573, 13.285714285714285], "heights": [[0.32, 0.25, 0.2247191011235955, 0.18518518518518517, 0.13157894736842105, 0.06896551724137931, 0.0], [0.16, 0.16304347826086957, 0.033707865168539325, 0.037037037037037035, 0.09210526315789473, 0.0, 0.0], [0.0, 0.08695652173913043, 0.07865168539325842, 0.04938271604938271, 0.039473684210526314, 0.0, 0.0], [0.08, 0.043478260869565216, 0.033707865168539325, 0.024691358024691357, 0.02631578947368421, 0.0, 0.0], [0.28, 0.391304347826087, 0.48314606741573035, 0.691358024691358, 0.3157894736842105, 0.27586206896551724, 0.0], [0.0, 0.0, 0.0, 0.0, 0.0, 0.0, 0.0], [0.04, 0.021739130434782608, 0.011235955056179775, 0.0, 0.013157894736842105, 0.0, 0.0], [0.0, 0.0, 0.0, 0.012345679012345678, 0.0, 0.0, 0.0], [0.04, 0.010869565217391304, 0.033707865168539325, 0.0, 0.039473684210526314, 0.0, 0.0], [0.08, 0.03260869565217391, 0.10112359550561797, 0.0, 0.34210526315789475, 0.6551724137931034, 1.0]], "labelNames": ["Non-African Person", "Non-African Symbol", "Non-African Celebrity", "Meme", "Other", "Tobacco", "Weapon", "Africa Word", "Dark Non-Person", "Person of African Descent"], "labelCounts": [78, 32, 22, 13, 174, 0, 5, 1, 8, 67], "colors": ["#54478cff", "#2c699aff", "#048ba8ff", "#0db39eff", "#16db93ff", "#83e377ff", "#b9e769ff", "#efea5aff", "#f1c453ff", "#f29e4cff"]}