{"bins": [-10.0, -5.0, 0.0, 5.0, 10.0, 15.0, 20.0, 25.0], "heights": [[0.09090909090909091, 0.17525773195876287, 0.14606741573033707, 0.08433734939759036, 0.038461538461538464, 0.0, 0.0, 0.0], [0.12727272727272726, 0.07216494845360824, 0.033707865168539325, 0.012048192771084338, 0.0, 0.0, 0.0, 0.0], [0.3090909090909091, 0.10309278350515463, 0.011235955056179775, 0.04819277108433735, 0.0, 0.0, 0.0, 0.0], [0.01818181818181818, 0.041237113402061855, 0.056179775280898875, 0.04819277108433735, 0.0, 0.0, 0.0, 0.0], [0.2727272727272727, 0.4742268041237113, 0.5280898876404494, 0.12048192771084337, 0.02564102564102564, 0.0, 0.0, 0.0], [0.0, 0.0, 0.0449438202247191, 0.012048192771084338, 0.0, 0.0, 0.0, 0.0], [0.07272727272727272, 0.020618556701030927, 0.011235955056179775, 0.0, 0.0, 0.0, 0.0, 0.0], [0.0, 0.0, 0.011235955056179775, 0.03614457831325301, 0.0, 0.0, 0.125, 0.0], [0.0, 0.041237113402061855, 0.10112359550561797, 0.20481927710843373, 0.0641025641025641, 0.0, 0.0, 0.0], [0.10909090909090909, 0.07216494845360824, 0.056179775280898875, 0.43373493975903615, 0.8717948717948718, 1.0, 0.875, 1.0]], "labelNames": ["Non-African Person", "Non-African Symbol", "Non-African Celebrity", "Meme", "Other", "Tobacco", "Weapon", "Africa Word", "Dark Non-Person", "Person of African Descent"], "labelCounts": [45, 19, 32, 14, 120, 5, 7, 5, 35, 167], "colors": ["#54478cff", "#2c699aff", "#048ba8ff", "#0db39eff", "#16db93ff", "#83e377ff", "#b9e769ff", "#efea5aff", "#f1c453ff", "#f29e4cff"]}